Número de dato,Real (normalizado),Predicho Ensemble (normalizado),Real (desnormalizado),Predicho Ensemble (desnormalizado)
22,0.20314760819705097,0.21177922472765232,0.015789854832678973,0.016460756022208832
17,0.44695321215134953,0.3970158819832943,0.03473989381171472,0.030858463943634198
1,0.0,0.030666108996391165,0.0,0.0023835545672112736
12,0.0,0.05826965912912852,0.0,0.004529068626326967
19,0.0,0.06017865202500268,0.0,0.004677447044217225
5,0.3337354550164576,0.3204204037990786,0.025939928281687872,0.024905002359212
